1	deployments	organization_code	Always
2	deployments	deployment_code	Always
3	deployments	project_code	Required for NCEI
4	deployments	site_code	Required for NCEI if platform is stationary
5	deployments	deployment_device_codes	
6	deployments	deployment_platform_type_code	Always
7	deployments	deployment_water_depth_m	
8	deployments	deployment_datetime	Always
9	deployments	deployment_latitude	Always
10	deployments	deployment_longitude	Always
11	deployments	deployment_vessel	
12	deployments	deployment_cruise	
13	deployments	deployment_alias	
14	deployments	deployment_json	
15	deployments	deployment_comments	
16	deployments	recovery_datetime	Required for NCEI
17	deployments	recovery_latitude	Required for NCEI
18	deployments	recovery_longitude	Required for NCEI
19	deployments	recovery_vessel	
20	deployments	recovery_cruise	
21	deployments	recovery_surface_datetime	
22	deployments	recovery_burn_datetime	
23	deployments	recovery_json	
24	deployments	recovery_comments	
25	deployments	parent_deployment_code	
26	recordings	organization_code	Always
27	recordings	deployment_code	Always
28	recordings	recording_code	Always
29	recordings	recording_device_codes	Always
30	recordings	recording_start_datetime	If recording_device_lost = FALSE, then Always
31	recordings	recording_end_datetime	Required for NCEI
32	recordings	recording_duration_secs	If recording_device_lost = FALSE, then Always
33	recordings	recording_interval_secs	If recording_device_lost = FALSE, then Always
34	recordings	recording_sample_rate_khz	If recording_device_lost = FALSE, then Always
35	recordings	recording_bit_depth	Required for NCEI
36	recordings	recording_channel	Required for NCEI
37	recordings	recording_n_channels	Always
38	recordings	recording_filetypes	
39	recordings	recording_timezone	Always
40	recordings	recording_usable_start_datetime	
41	recordings	recording_usable_end_datetime	
42	recordings	recording_usable_min_frequency_khz	
43	recordings	recording_usable_max_frequency_khz	
44	recordings	recording_quality_code	Required for NCEI
45	recordings	recording_device_lost	
46	recordings	recording_device_depth_m	Required for NCEI
47	recordings	recording_redacted	
48	recordings	recording_json	Recording-specific calibration required for NCEI
49	recordings	recording_uri	
50	recordings	recording_comments	
51	analyses	deployment_organization_code	Always
52	analyses	deployment_code	Always
53	analyses	recording_codes	Always
54	analyses	analysis_organization_code	Always
55	analyses	analysis_code	Always
56	analyses	analysis_sound_source_codes	Always
57	analyses	analysis_granularity_code	Always
58	analyses	analysis_start_datetime	Required for NCEI
59	analyses	analysis_end_datetime	Required for NCEI
60	analyses	analysis_sample_rate_khz	Always
61	analyses	analysis_min_frequency_khz	Required for NCEI
62	analyses	analysis_max_frequency_khz	Required for NCEI
63	analyses	analysis_processing_code	Always
64	analyses	analysis_quality_code	Always
65	analyses	analysis_protocol_reference	Always
66	analyses	analysis_dataset_url	
67	analyses	analysis_release_data	Always
68	analyses	analysis_release_pacm	Always
69	analyses	detector_codes	Always
70	analyses	detector_version	
71	analyses	detector_json	
72	analyses	detector_output_filename	
73	analyses	detector_output_uri	
74	analyses	analysis_analysts	
75	analyses	analysis_json	
76	analyses	analysis_comments	
77	detections	deployment_organization_code	Always
78	detections	deployment_code	Always
79	detections	analysis_organization_code	Always
80	detections	analysis_code	Always
81	detections	detection_start_datetime	Always
82	detections	detection_end_datetime	Always
83	detections	detection_effort_secs	Always
84	detections	detection_sound_source_code	Always
85	detections	detection_call_type_code	Always
86	detections	detection_behavior_code	
87	detections	detection_demographic_code	
88	detections	detection_n_validated	
89	detections	detection_n_total	
90	detections	detection_result_code	Always
91	detections	detection_event_type	
92	detections	detection_event_id	
93	detections	detection_latitude	
94	detections	detection_longitude	
95	detections	detection_received_level_db	
96	detections	detection_quality_code	
97	detections	detection_n_animals	
98	detections	detection_n_animals_min	
99	detections	detection_n_animals_max	
100	detections	detection_json	
101	detections	detection_comments	
102	detections	localization_method_code	Required if submitting localization data
103	detections	localization_latitude	
104	detections	localization_latitude_min	
105	detections	localization_latitude_max	
106	detections	localization_longitude	
107	detections	localization_longitude_min	
108	detections	localization_longitude_max	
109	detections	localization_distance_m	
110	detections	localization_distance_m_min	
111	detections	localization_distance_m_max	
112	detections	localization_bearing	
113	detections	localization_bearing_min	
114	detections	localization_bearing_max	
115	detections	localization_depth_method_code	
116	detections	localization_depth_n_signals	
117	detections	localization_depth_m	
118	detections	localization_depth_m_min	
119	detections	localization_depth_m_max	
120	detections	localization_json	
121	detections	localization_comments	
122	support/devices	organization_code	Always
123	support/devices	device_code	Always
124	support/devices	device_type_code	Always
125	support/devices	device_manufacturer	
126	support/devices	device_model_name	
127	support/devices	device_model_number	Required for NCEI
128	support/devices	device_serial_number	
129	support/devices	device_description	
130	support/devices	device_start_date	
131	support/devices	device_end_date	
132	support/devices	device_alias	
133	support/devices	device_json	Device-specific calibration required for NCEI
134	support/devices	device_comments	
135	support/devices	child_device_codes	
136	support/projects	organization_code	Always
137	support/projects	project_code	Always
138	support/projects	project_name	Required for NCEI
139	support/projects	project_description	Required for NCEI
140	support/projects	project_alias	
141	support/projects	project_contacts	Always
142	support/projects	project_funding	
143	support/projects	project_collaborator_organization_codes	
144	support/projects	project_comments	
145	support/sites	organization_code	Always
146	support/sites	site_code	Always
147	support/sites	site_name	
148	support/sites	site_description	
149	support/sites	site_latitude	
150	support/sites	site_longitude	
151	support/sites	site_alias	
152	support/sites	site_comments	
153	qaqc/recording_intervals	organization_code	Always
154	qaqc/recording_intervals	deployment_code	Always
155	qaqc/recording_intervals	recording_code	Always
156	qaqc/recording_intervals	recording_interval_channel	Required for NCEI
157	qaqc/recording_intervals	recording_interval_start_datetime	Required for NCEI
158	qaqc/recording_intervals	recording_interval_end_datetime	Required for NCEI
159	qaqc/recording_intervals	recording_interval_min_frequency_khz	Required for NCEI
160	qaqc/recording_intervals	recording_interval_max_frequency_khz	Required for NCEI
161	qaqc/recording_intervals	recording_interval_quality_code	Always
162	qaqc/recording_intervals	recording_interval_json	
163	qaqc/recording_intervals	recording_interval_comments	
164	tracks/tracks	organization_code	Always
165	tracks/tracks	deployment_code	Always
166	tracks/tracks	track_code	Always
167	tracks/tracks	track_uri	
168	tracks/tracks	track_json	
169	tracks/tracks	track_comments	
170	tracks/track_positions	organization_code	Always
171	tracks/track_positions	deployment_code	Always
172	tracks/track_positions	track_code	Always
173	tracks/track_positions	track_position_datetime	Always
174	tracks/track_positions	track_position_latitude	Always
175	tracks/track_positions	track_position_longitude	Always
176	tracks/track_positions	track_position_speed_knots	
177	tracks/track_positions	track_position_depth_m	
178	tracks/track_positions	track_position_json	
179	tracks/track_positions	track_position_comments	